No,Year,Order,Name,Judge,Score
1,2001,1,中川家,きよし,91
1,2001,1,中川家,青島,90
1,2001,1,中川家,小朝,90
1,2001,1,中川家,石井,90
1,2001,1,中川家,鴻上,85
1,2001,1,中川家,松本,70
1,2001,1,中川家,紳助,80
1,2001,1,中川家,札幌,65
1,2001,1,中川家,大阪,89
1,2001,1,中川家,福岡,79
1,2001,2,フットボールアワー,きよし,90
1,2001,2,フットボールアワー,青島,80
1,2001,2,フットボールアワー,小朝,80
1,2001,2,フットボールアワー,石井,82
1,2001,2,フットボールアワー,鴻上,82
1,2001,2,フットボールアワー,松本,55
1,2001,2,フットボールアワー,紳助,66
1,2001,2,フットボールアワー,札幌,62
1,2001,2,フットボールアワー,大阪,83
1,2001,2,フットボールアワー,福岡,46
1,2001,3,チュートリアル,きよし,80
1,2001,3,チュートリアル,青島,75
1,2001,3,チュートリアル,小朝,75
1,2001,3,チュートリアル,石井,68
1,2001,3,チュートリアル,鴻上,75
1,2001,3,チュートリアル,松本,50
1,2001,3,チュートリアル,紳助,60
1,2001,3,チュートリアル,札幌,38
1,2001,3,チュートリアル,大阪,67
1,2001,3,チュートリアル,福岡,49
1,2001,4,アメリカザリガニ,きよし,88
1,2001,4,アメリカザリガニ,青島,85
1,2001,4,アメリカザリガニ,小朝,80
1,2001,4,アメリカザリガニ,石井,92
1,2001,4,アメリカザリガニ,鴻上,84
1,2001,4,アメリカザリガニ,松本,65
1,2001,4,アメリカザリガニ,紳助,74
1,2001,4,アメリカザリガニ,札幌,84
1,2001,4,アメリカザリガニ,大阪,57
1,2001,4,アメリカザリガニ,福岡,87
1,2001,5,おぎやはぎ,きよし,77
1,2001,5,おぎやはぎ,青島,80
1,2001,5,おぎやはぎ,小朝,75
1,2001,5,おぎやはぎ,石井,82
1,2001,5,おぎやはぎ,鴻上,73
1,2001,5,おぎやはぎ,松本,60
1,2001,5,おぎやはぎ,紳助,50
1,2001,5,おぎやはぎ,札幌,22
1,2001,5,おぎやはぎ,大阪,9
1,2001,5,おぎやはぎ,福岡,12
1,2001,6,キングコング,きよし,95
1,2001,6,キングコング,青島,75
1,2001,6,キングコング,小朝,70
1,2001,6,キングコング,石井,76
1,2001,6,キングコング,鴻上,83
1,2001,6,キングコング,松本,55
1,2001,6,キングコング,紳助,74
1,2001,6,キングコング,札幌,64
1,2001,6,キングコング,大阪,55
1,2001,6,キングコング,福岡,60
1,2001,7,麒麟,きよし,79
1,2001,7,麒麟,青島,75
1,2001,7,麒麟,小朝,65
1,2001,7,麒麟,石井,90
1,2001,7,麒麟,鴻上,83
1,2001,7,麒麟,松本,75
1,2001,7,麒麟,紳助,75
1,2001,7,麒麟,札幌,54
1,2001,7,麒麟,大阪,82
1,2001,7,麒麟,福岡,63
1,2001,8,ますだおかだ,きよし,95
1,2001,8,ますだおかだ,青島,80
1,2001,8,ますだおかだ,小朝,80
1,2001,8,ますだおかだ,石井,88
1,2001,8,ますだおかだ,鴻上,84
1,2001,8,ますだおかだ,松本,70
1,2001,8,ますだおかだ,紳助,78
1,2001,8,ますだおかだ,札幌,75
1,2001,8,ますだおかだ,大阪,52
1,2001,8,ますだおかだ,福岡,68
1,2001,9,DonDokoDon,きよし,75
1,2001,9,DonDokoDon,青島,85
1,2001,9,DonDokoDon,小朝,65
1,2001,9,DonDokoDon,石井,82
1,2001,9,DonDokoDon,鴻上,84
1,2001,9,DonDokoDon,松本,65
1,2001,9,DonDokoDon,紳助,64
1,2001,9,DonDokoDon,札幌,47
1,2001,9,DonDokoDon,大阪,18
1,2001,9,DonDokoDon,福岡,29
1,2001,10,ハリガネロック,きよし,95
1,2001,10,ハリガネロック,青島,90
1,2001,10,ハリガネロック,小朝,70
1,2001,10,ハリガネロック,石井,92
1,2001,10,ハリガネロック,鴻上,85
1,2001,10,ハリガネロック,松本,60
1,2001,10,ハリガネロック,紳助,75
1,2001,10,ハリガネロック,札幌,85
1,2001,10,ハリガネロック,大阪,85
1,2001,10,ハリガネロック,福岡,72
2,2002,1,ハリガネロック,談志,70
2,2002,1,ハリガネロック,カウス,85
2,2002,1,ハリガネロック,洋七,86
2,2002,1,ハリガネロック,石井,81
2,2002,1,ハリガネロック,大竹,83
2,2002,1,ハリガネロック,松本,65
2,2002,1,ハリガネロック,紳助,75
2,2002,2,ますだおかだ,談志,80
2,2002,2,ますだおかだ,カウス,95
2,2002,2,ますだおかだ,洋七,96
2,2002,2,ますだおかだ,石井,90
2,2002,2,ますだおかだ,大竹,92
2,2002,2,ますだおかだ,松本,70
2,2002,2,ますだおかだ,紳助,89
2,2002,3,ダイノジ,談志,70
2,2002,3,ダイノジ,カウス,84
2,2002,3,ダイノジ,洋七,81
2,2002,3,ダイノジ,石井,78
2,2002,3,ダイノジ,大竹,78
2,2002,3,ダイノジ,松本,60
2,2002,3,ダイノジ,紳助,83
2,2002,4,テツandトモ,談志,70
2,2002,4,テツandトモ,カウス,90
2,2002,4,テツandトモ,洋七,79
2,2002,4,テツandトモ,石井,82
2,2002,4,テツandトモ,大竹,77
2,2002,4,テツandトモ,松本,65
2,2002,4,テツandトモ,紳助,76
2,2002,5,フットボールアワー,談志,70
2,2002,5,フットボールアワー,カウス,97
2,2002,5,フットボールアワー,洋七,94
2,2002,5,フットボールアワー,石井,95
2,2002,5,フットボールアワー,大竹,91
2,2002,5,フットボールアワー,松本,85
2,2002,5,フットボールアワー,紳助,89
2,2002,6,笑い飯,談志,70
2,2002,6,笑い飯,カウス,83
2,2002,6,笑い飯,洋七,84
2,2002,6,笑い飯,石井,84
2,2002,6,笑い飯,大竹,80
2,2002,6,笑い飯,松本,80
2,2002,6,笑い飯,紳助,86
2,2002,7,おぎやはぎ,談志,80
2,2002,7,おぎやはぎ,カウス,82
2,2002,7,おぎやはぎ,洋七,85
2,2002,7,おぎやはぎ,石井,79
2,2002,7,おぎやはぎ,大竹,79
2,2002,7,おぎやはぎ,松本,80
2,2002,7,おぎやはぎ,紳助,76
2,2002,8,アメリカザリガニ,談志,70
2,2002,8,アメリカザリガニ,カウス,83
2,2002,8,アメリカザリガニ,洋七,83
2,2002,8,アメリカザリガニ,石井,78
2,2002,8,アメリカザリガニ,大竹,78
2,2002,8,アメリカザリガニ,松本,60
2,2002,8,アメリカザリガニ,紳助,73
2,2002,9,スピードワゴン,談志,50
2,2002,9,スピードワゴン,カウス,85
2,2002,9,スピードワゴン,洋七,86
2,2002,9,スピードワゴン,石井,86
2,2002,9,スピードワゴン,大竹,80
2,2002,9,スピードワゴン,松本,75
2,2002,9,スピードワゴン,紳助,73
3,2003,1,千鳥,カウス,80
3,2003,1,千鳥,大竹,79
3,2003,1,千鳥,石井,84
3,2003,1,千鳥,洋七,75
3,2003,1,千鳥,南原,82
3,2003,1,千鳥,松本,70
3,2003,1,千鳥,紳助,82
3,2003,2,麒麟,カウス,82
3,2003,2,麒麟,大竹,75
3,2003,2,麒麟,石井,78
3,2003,2,麒麟,洋七,84
3,2003,2,麒麟,南原,76
3,2003,2,麒麟,松本,75
3,2003,2,麒麟,紳助,84
3,2003,3,スピードワゴン,カウス,79
3,2003,3,スピードワゴン,大竹,82
3,2003,3,スピードワゴン,石井,86
3,2003,3,スピードワゴン,洋七,85
3,2003,3,スピードワゴン,南原,81
3,2003,3,スピードワゴン,松本,74
3,2003,3,スピードワゴン,紳助,85
3,2003,4,笑い飯,カウス,95
3,2003,4,笑い飯,大竹,90
3,2003,4,笑い飯,石井,92
3,2003,4,笑い飯,洋七,95
3,2003,4,笑い飯,南原,90
3,2003,4,笑い飯,松本,95
3,2003,4,笑い飯,紳助,99
3,2003,5,2丁拳銃,カウス,86
3,2003,5,2丁拳銃,大竹,83
3,2003,5,2丁拳銃,石井,86
3,2003,5,2丁拳銃,洋七,95
3,2003,5,2丁拳銃,南原,87
3,2003,5,2丁拳銃,松本,80
3,2003,5,2丁拳銃,紳助,91
3,2003,6,アメリカザリガニ,カウス,81
3,2003,6,アメリカザリガニ,大竹,76
3,2003,6,アメリカザリガニ,石井,83
3,2003,6,アメリカザリガニ,洋七,90
3,2003,6,アメリカザリガニ,南原,84
3,2003,6,アメリカザリガニ,松本,70
3,2003,6,アメリカザリガニ,紳助,80
3,2003,7,フットボールアワー,カウス,98
3,2003,7,フットボールアワー,大竹,89
3,2003,7,フットボールアワー,石井,95
3,2003,7,フットボールアワー,洋七,97
3,2003,7,フットボールアワー,南原,89
3,2003,7,フットボールアワー,松本,97
3,2003,7,フットボールアワー,紳助,98
3,2003,8,りあるキッズ,カウス,84
3,2003,8,りあるキッズ,大竹,83
3,2003,8,りあるキッズ,石井,85
3,2003,8,りあるキッズ,洋七,93
3,2003,8,りあるキッズ,南原,81
3,2003,8,りあるキッズ,松本,85
3,2003,8,りあるキッズ,紳助,90
3,2003,9,アンタッチャブル,カウス,86
3,2003,9,アンタッチャブル,大竹,87
3,2003,9,アンタッチャブル,石井,92
3,2003,9,アンタッチャブル,洋七,90
3,2003,9,アンタッチャブル,南原,85
3,2003,9,アンタッチャブル,松本,84
3,2003,9,アンタッチャブル,紳助,92
4,2004,1,千鳥,カウス,93
4,2004,1,千鳥,石井,82
4,2004,1,千鳥,小朝,82
4,2004,1,千鳥,洋七,78
4,2004,1,千鳥,大竹,81
4,2004,1,千鳥,南原,83
4,2004,1,千鳥,きよし,83
4,2004,2,タカアンドトシ,カウス,95
4,2004,2,タカアンドトシ,石井,90
4,2004,2,タカアンドトシ,小朝,85
4,2004,2,タカアンドトシ,洋七,91
4,2004,2,タカアンドトシ,大竹,82
4,2004,2,タカアンドトシ,南原,86
4,2004,2,タカアンドトシ,きよし,86
4,2004,3,東京ダイナマイト,カウス,89
4,2004,3,東京ダイナマイト,石井,86
4,2004,3,東京ダイナマイト,小朝,87
4,2004,3,東京ダイナマイト,洋七,83
4,2004,3,東京ダイナマイト,大竹,76
4,2004,3,東京ダイナマイト,南原,80
4,2004,3,東京ダイナマイト,きよし,82
4,2004,4,トータルテンボス,カウス,88
4,2004,4,トータルテンボス,石井,88
4,2004,4,トータルテンボス,小朝,84
4,2004,4,トータルテンボス,洋七,84
4,2004,4,トータルテンボス,大竹,79
4,2004,4,トータルテンボス,南原,84
4,2004,4,トータルテンボス,きよし,80
4,2004,5,南海キャンディーズ,カウス,94
4,2004,5,南海キャンディーズ,石井,95
4,2004,5,南海キャンディーズ,小朝,90
4,2004,5,南海キャンディーズ,洋七,92
4,2004,5,南海キャンディーズ,大竹,86
4,2004,5,南海キャンディーズ,南原,92
4,2004,5,南海キャンディーズ,きよし,90
4,2004,6,POISON GIRL BAND,カウス,90
4,2004,6,POISON GIRL BAND,石井,89
4,2004,6,POISON GIRL BAND,小朝,88
4,2004,6,POISON GIRL BAND,洋七,81
4,2004,6,POISON GIRL BAND,大竹,83
4,2004,6,POISON GIRL BAND,南原,85
4,2004,6,POISON GIRL BAND,きよし,87
4,2004,7,笑い飯,カウス,95
4,2004,7,笑い飯,石井,89
4,2004,7,笑い飯,小朝,85
4,2004,7,笑い飯,洋七,91
4,2004,7,笑い飯,大竹,82
4,2004,7,笑い飯,南原,89
4,2004,7,笑い飯,きよし,84
4,2004,8,アンタッチャブル,カウス,97
4,2004,8,アンタッチャブル,石井,96
4,2004,8,アンタッチャブル,小朝,95
4,2004,8,アンタッチャブル,洋七,97
4,2004,8,アンタッチャブル,大竹,95
4,2004,8,アンタッチャブル,南原,96
4,2004,8,アンタッチャブル,きよし,97
4,2004,9,麒麟,カウス,96
4,2004,9,麒麟,石井,92
4,2004,9,麒麟,小朝,88
4,2004,9,麒麟,洋七,92
4,2004,9,麒麟,大竹,89
4,2004,9,麒麟,南原,88
4,2004,9,麒麟,きよし,89
5,2005,1,笑い飯,カウス,95
5,2005,1,笑い飯,石井,92
5,2005,1,笑い飯,洋七,91
5,2005,1,笑い飯,大竹,85
5,2005,1,笑い飯,渡辺,90
5,2005,1,笑い飯,松本,95
5,2005,1,笑い飯,紳助,85
5,2005,2,アジアン,カウス,90
5,2005,2,アジアン,石井,86
5,2005,2,アジアン,洋七,81
5,2005,2,アジアン,大竹,82
5,2005,2,アジアン,渡辺,80
5,2005,2,アジアン,松本,70
5,2005,2,アジアン,紳助,75
5,2005,3,南海キャンディーズ,カウス,88
5,2005,3,南海キャンディーズ,石井,80
5,2005,3,南海キャンディーズ,洋七,79
5,2005,3,南海キャンディーズ,大竹,79
5,2005,3,南海キャンディーズ,渡辺,79
5,2005,3,南海キャンディーズ,松本,75
5,2005,3,南海キャンディーズ,紳助,72
5,2005,4,チュートリアル,カウス,91
5,2005,4,チュートリアル,石井,95
5,2005,4,チュートリアル,洋七,86
5,2005,4,チュートリアル,大竹,84
5,2005,4,チュートリアル,渡辺,86
5,2005,4,チュートリアル,松本,95
5,2005,4,チュートリアル,紳助,85
5,2005,5,ブラックマヨネーズ,カウス,96
5,2005,5,ブラックマヨネーズ,石井,94
5,2005,5,ブラックマヨネーズ,洋七,96
5,2005,5,ブラックマヨネーズ,大竹,90
5,2005,5,ブラックマヨネーズ,渡辺,93
5,2005,5,ブラックマヨネーズ,松本,95
5,2005,5,ブラックマヨネーズ,紳助,95
5,2005,6,品川庄司,カウス,89
5,2005,6,品川庄司,石井,91
5,2005,6,品川庄司,洋七,95
5,2005,6,品川庄司,大竹,89
5,2005,6,品川庄司,渡辺,87
5,2005,6,品川庄司,松本,90
5,2005,6,品川庄司,紳助,85
5,2005,7,タイムマシーン3号,カウス,88
5,2005,7,タイムマシーン3号,石井,85
5,2005,7,タイムマシーン3号,洋七,82
5,2005,7,タイムマシーン3号,大竹,82
5,2005,7,タイムマシーン3号,渡辺,83
5,2005,7,タイムマシーン3号,松本,75
5,2005,7,タイムマシーン3号,紳助,76
5,2005,8,麒麟,カウス,97
5,2005,8,麒麟,石井,95
5,2005,8,麒麟,洋七,95
5,2005,8,麒麟,大竹,90
5,2005,8,麒麟,渡辺,91
5,2005,8,麒麟,松本,90
5,2005,8,麒麟,紳助,88
5,2005,9,千鳥,カウス,93
5,2005,9,千鳥,石井,89
5,2005,9,千鳥,洋七,86
5,2005,9,千鳥,大竹,88
5,2005,9,千鳥,渡辺,89
5,2005,9,千鳥,松本,80
5,2005,9,千鳥,紳助,82
6,2006,1,POISON GIRL BAND,カウス,85
6,2006,1,POISON GIRL BAND,大竹,83
6,2006,1,POISON GIRL BAND,洋七,81
6,2006,1,POISON GIRL BAND,渡辺,75
6,2006,1,POISON GIRL BAND,南原,85
6,2006,1,POISON GIRL BAND,松本,85
6,2006,1,POISON GIRL BAND,紳助,76
6,2006,2,フットボールアワー,カウス,96
6,2006,2,フットボールアワー,大竹,89
6,2006,2,フットボールアワー,洋七,91
6,2006,2,フットボールアワー,渡辺,90
6,2006,2,フットボールアワー,南原,94
6,2006,2,フットボールアワー,松本,90
6,2006,2,フットボールアワー,紳助,90
6,2006,3,ザ・プラン9,カウス,93
6,2006,3,ザ・プラン9,大竹,82
6,2006,3,ザ・プラン9,洋七,90
6,2006,3,ザ・プラン9,渡辺,80
6,2006,3,ザ・プラン9,南原,89
6,2006,3,ザ・プラン9,松本,80
6,2006,3,ザ・プラン9,紳助,83
6,2006,4,麒麟,カウス,94
6,2006,4,麒麟,大竹,86
6,2006,4,麒麟,洋七,92
6,2006,4,麒麟,渡辺,89
6,2006,4,麒麟,南原,91
6,2006,4,麒麟,松本,87
6,2006,4,麒麟,紳助,88
6,2006,5,トータルテンボス,カウス,90
6,2006,5,トータルテンボス,大竹,83
6,2006,5,トータルテンボス,洋七,90
6,2006,5,トータルテンボス,渡辺,85
6,2006,5,トータルテンボス,南原,88
6,2006,5,トータルテンボス,松本,90
6,2006,5,トータルテンボス,紳助,87
6,2006,6,チュートリアル,カウス,97
6,2006,6,チュートリアル,大竹,92
6,2006,6,チュートリアル,洋七,98
6,2006,6,チュートリアル,渡辺,90
6,2006,6,チュートリアル,南原,95
6,2006,6,チュートリアル,松本,95
6,2006,6,チュートリアル,紳助,97
6,2006,7,変ホ長調,カウス,88
6,2006,7,変ホ長調,大竹,83
6,2006,7,変ホ長調,洋七,85
6,2006,7,変ホ長調,渡辺,79
6,2006,7,変ホ長調,南原,84
6,2006,7,変ホ長調,松本,75
6,2006,7,変ホ長調,紳助,82
6,2006,8,笑い飯,カウス,92
6,2006,8,笑い飯,大竹,89
6,2006,8,笑い飯,洋七,90
6,2006,8,笑い飯,渡辺,85
6,2006,8,笑い飯,南原,92
6,2006,8,笑い飯,松本,89
6,2006,8,笑い飯,紳助,89
6,2006,9,ライセンス,カウス,89
6,2006,9,ライセンス,大竹,83
6,2006,9,ライセンス,洋七,89
6,2006,9,ライセンス,渡辺,88
6,2006,9,ライセンス,南原,90
6,2006,9,ライセンス,松本,85
6,2006,9,ライセンス,紳助,85
7,2007,1,笑い飯,カウス,92
7,2007,1,笑い飯,大竹,85
7,2007,1,笑い飯,巨人,83
7,2007,1,笑い飯,石井,85
7,2007,1,笑い飯,上沼,89
7,2007,1,笑い飯,松本,85
7,2007,1,笑い飯,紳助,85
7,2007,2,POISON GIRL BAND,カウス,85
7,2007,2,POISON GIRL BAND,大竹,80
7,2007,2,POISON GIRL BAND,巨人,84
7,2007,2,POISON GIRL BAND,石井,82
7,2007,2,POISON GIRL BAND,上沼,81
7,2007,2,POISON GIRL BAND,松本,90
7,2007,2,POISON GIRL BAND,紳助,75
7,2007,3,ザブングル,カウス,82
7,2007,3,ザブングル,大竹,84
7,2007,3,ザブングル,巨人,79
7,2007,3,ザブングル,石井,84
7,2007,3,ザブングル,上沼,92
7,2007,3,ザブングル,松本,90
7,2007,3,ザブングル,紳助,86
7,2007,4,千鳥,カウス,81
7,2007,4,千鳥,大竹,81
7,2007,4,千鳥,巨人,87
7,2007,4,千鳥,石井,80
7,2007,4,千鳥,上沼,85
7,2007,4,千鳥,松本,80
7,2007,4,千鳥,紳助,86
7,2007,5,トータルテンボス,カウス,93
7,2007,5,トータルテンボス,大竹,84
7,2007,5,トータルテンボス,巨人,90
7,2007,5,トータルテンボス,石井,95
7,2007,5,トータルテンボス,上沼,95
7,2007,5,トータルテンボス,松本,93
7,2007,5,トータルテンボス,紳助,96
7,2007,6,キングコング,カウス,91
7,2007,6,キングコング,大竹,90
7,2007,6,キングコング,巨人,88
7,2007,6,キングコング,石井,95
7,2007,6,キングコング,上沼,97
7,2007,6,キングコング,松本,93
7,2007,6,キングコング,紳助,96
7,2007,7,ハリセンボン,カウス,86
7,2007,7,ハリセンボン,大竹,85
7,2007,7,ハリセンボン,巨人,86
7,2007,7,ハリセンボン,石井,84
7,2007,7,ハリセンボン,上沼,93
7,2007,7,ハリセンボン,松本,88
7,2007,7,ハリセンボン,紳助,86
7,2007,8,ダイアン,カウス,84
7,2007,8,ダイアン,大竹,82
7,2007,8,ダイアン,巨人,81
7,2007,8,ダイアン,石井,86
7,2007,8,ダイアン,上沼,89
7,2007,8,ダイアン,松本,85
7,2007,8,ダイアン,紳助,86
7,2007,9,サンドウィッチマン,カウス,92
7,2007,9,サンドウィッチマン,大竹,84
7,2007,9,サンドウィッチマン,巨人,92
7,2007,9,サンドウィッチマン,石井,95
7,2007,9,サンドウィッチマン,上沼,95
7,2007,9,サンドウィッチマン,松本,95
7,2007,9,サンドウィッチマン,紳助,98
8,2008,1,ダイアン,カウス,93
8,2008,1,ダイアン,大竹,86
8,2008,1,ダイアン,巨人,86
8,2008,1,ダイアン,渡辺,90
8,2008,1,ダイアン,上沼,90
8,2008,1,ダイアン,松本,85
8,2008,1,ダイアン,紳助,89
8,2008,2,笑い飯,カウス,88
8,2008,2,笑い飯,大竹,88
8,2008,2,笑い飯,巨人,91
8,2008,2,笑い飯,渡辺,91
8,2008,2,笑い飯,上沼,95
8,2008,2,笑い飯,松本,89
8,2008,2,笑い飯,紳助,95
8,2008,3,モンスターエンジン,カウス,90
8,2008,3,モンスターエンジン,大竹,88
8,2008,3,モンスターエンジン,巨人,89
8,2008,3,モンスターエンジン,渡辺,88
8,2008,3,モンスターエンジン,上沼,85
8,2008,3,モンスターエンジン,松本,83
8,2008,3,モンスターエンジン,紳助,91
8,2008,4,ナイツ,カウス,94
8,2008,4,ナイツ,大竹,89
8,2008,4,ナイツ,巨人,89
8,2008,4,ナイツ,渡辺,91
8,2008,4,ナイツ,上沼,95
8,2008,4,ナイツ,松本,93
8,2008,4,ナイツ,紳助,89
8,2008,5,U字工事,カウス,92
8,2008,5,U字工事,大竹,88
8,2008,5,U字工事,巨人,84
8,2008,5,U字工事,渡辺,90
8,2008,5,U字工事,上沼,93
8,2008,5,U字工事,松本,85
8,2008,5,U字工事,紳助,91
8,2008,6,ザ・パンチ,カウス,85
8,2008,6,ザ・パンチ,大竹,83
8,2008,6,ザ・パンチ,巨人,83
8,2008,6,ザ・パンチ,渡辺,85
8,2008,6,ザ・パンチ,上沼,88
8,2008,6,ザ・パンチ,松本,80
8,2008,6,ザ・パンチ,紳助,87
8,2008,7,NON STYLE,カウス,91
8,2008,7,NON STYLE,大竹,90
8,2008,7,NON STYLE,巨人,91
8,2008,7,NON STYLE,渡辺,90
8,2008,7,NON STYLE,上沼,95
8,2008,7,NON STYLE,松本,93
8,2008,7,NON STYLE,紳助,94
8,2008,8,キングコング,カウス,86
8,2008,8,キングコング,大竹,87
8,2008,8,キングコング,巨人,86
8,2008,8,キングコング,渡辺,89
8,2008,8,キングコング,上沼,90
8,2008,8,キングコング,松本,86
8,2008,8,キングコング,紳助,88
8,2008,9,オードリー,カウス,98
8,2008,9,オードリー,大竹,92
8,2008,9,オードリー,巨人,91
8,2008,9,オードリー,渡辺,92
8,2008,9,オードリー,上沼,92
8,2008,9,オードリー,松本,95
8,2008,9,オードリー,紳助,89
9,2009,1,ナイツ,カウス,96
9,2009,1,ナイツ,渡辺,91
9,2009,1,ナイツ,巨人,90
9,2009,1,ナイツ,東国原,88
9,2009,1,ナイツ,上沼,93
9,2009,1,ナイツ,松本,85
9,2009,1,ナイツ,紳助,91
9,2009,2,南海キャンディーズ,カウス,88
9,2009,2,南海キャンディーズ,渡辺,88
9,2009,2,南海キャンディーズ,巨人,84
9,2009,2,南海キャンディーズ,東国原,89
9,2009,2,南海キャンディーズ,上沼,90
9,2009,2,南海キャンディーズ,松本,83
9,2009,2,南海キャンディーズ,紳助,85
9,2009,3,東京ダイナマイト,カウス,90
9,2009,3,東京ダイナマイト,渡辺,90
9,2009,3,東京ダイナマイト,巨人,86
9,2009,3,東京ダイナマイト,東国原,85
9,2009,3,東京ダイナマイト,上沼,90
9,2009,3,東京ダイナマイト,松本,88
9,2009,3,東京ダイナマイト,紳助,85
9,2009,4,ハリセンボン,カウス,89
9,2009,4,ハリセンボン,渡辺,85
9,2009,4,ハリセンボン,巨人,85
9,2009,4,ハリセンボン,東国原,87
9,2009,4,ハリセンボン,上沼,87
9,2009,4,ハリセンボン,松本,80
9,2009,4,ハリセンボン,紳助,82
9,2009,5,笑い飯,カウス,98
9,2009,5,笑い飯,渡辺,92
9,2009,5,笑い飯,巨人,93
9,2009,5,笑い飯,東国原,92
9,2009,5,笑い飯,上沼,98
9,2009,5,笑い飯,松本,95
9,2009,5,笑い飯,紳助,100
9,2009,6,ハライチ,カウス,95
9,2009,6,ハライチ,渡辺,89
9,2009,6,ハライチ,巨人,89
9,2009,6,ハライチ,東国原,86
9,2009,6,ハライチ,上沼,91
9,2009,6,ハライチ,松本,88
9,2009,6,ハライチ,紳助,90
9,2009,7,モンスターエンジン,カウス,87
9,2009,7,モンスターエンジン,渡辺,89
9,2009,7,モンスターエンジン,巨人,87
9,2009,7,モンスターエンジン,東国原,85
9,2009,7,モンスターエンジン,上沼,90
9,2009,7,モンスターエンジン,松本,83
9,2009,7,モンスターエンジン,紳助,89
9,2009,8,パンクブーブー,カウス,97
9,2009,8,パンクブーブー,渡辺,91
9,2009,8,パンクブーブー,巨人,90
9,2009,8,パンクブーブー,東国原,88
9,2009,8,パンクブーブー,上沼,98
9,2009,8,パンクブーブー,松本,93
9,2009,8,パンクブーブー,紳助,94
9,2009,9,NON STYLE,カウス,95
9,2009,9,NON STYLE,渡辺,90
9,2009,9,NON STYLE,巨人,87
9,2009,9,NON STYLE,東国原,89
9,2009,9,NON STYLE,上沼,98
9,2009,9,NON STYLE,松本,92
9,2009,9,NON STYLE,紳助,90
10,2010,1,カナリア,カウス,80
10,2010,1,カナリア,宮迫,88
10,2010,1,カナリア,渡辺,85
10,2010,1,カナリア,大竹,87
10,2010,1,カナリア,南原,86
10,2010,1,カナリア,松本,85
10,2010,1,カナリア,紳助,81
10,2010,2,ジャルジャル,カウス,79
10,2010,2,ジャルジャル,宮迫,90
10,2010,2,ジャルジャル,渡辺,87
10,2010,2,ジャルジャル,大竹,89
10,2010,2,ジャルジャル,南原,88
10,2010,2,ジャルジャル,松本,87
10,2010,2,ジャルジャル,紳助,86
10,2010,3,スリムクラブ,カウス,94
10,2010,3,スリムクラブ,宮迫,91
10,2010,3,スリムクラブ,渡辺,88
10,2010,3,スリムクラブ,大竹,91
10,2010,3,スリムクラブ,南原,93
10,2010,3,スリムクラブ,松本,96
10,2010,3,スリムクラブ,紳助,91
10,2010,4,銀シャリ,カウス,92
10,2010,4,銀シャリ,宮迫,93
10,2010,4,銀シャリ,渡辺,87
10,2010,4,銀シャリ,大竹,89
10,2010,4,銀シャリ,南原,89
10,2010,4,銀シャリ,松本,90
10,2010,4,銀シャリ,紳助,87
10,2010,5,ナイツ,カウス,87
10,2010,5,ナイツ,宮迫,91
10,2010,5,ナイツ,渡辺,88
10,2010,5,ナイツ,大竹,90
10,2010,5,ナイツ,南原,90
10,2010,5,ナイツ,松本,88
10,2010,5,ナイツ,紳助,92
10,2010,6,笑い飯,カウス,96
10,2010,6,笑い飯,宮迫,95
10,2010,6,笑い飯,渡辺,90
10,2010,6,笑い飯,大竹,97
10,2010,6,笑い飯,南原,98
10,2010,6,笑い飯,松本,96
10,2010,6,笑い飯,紳助,96
10,2010,7,ハライチ,カウス,88
10,2010,7,ハライチ,宮迫,90
10,2010,7,ハライチ,渡辺,90
10,2010,7,ハライチ,大竹,90
10,2010,7,ハライチ,南原,89
10,2010,7,ハライチ,松本,86
10,2010,7,ハライチ,紳助,87
10,2010,8,ピース,カウス,95
10,2010,8,ピース,宮迫,92
10,2010,8,ピース,渡辺,89
10,2010,8,ピース,大竹,89
10,2010,8,ピース,南原,87
10,2010,8,ピース,松本,89
10,2010,8,ピース,紳助,88
10,2010,9,パンクブーブー,カウス,96
10,2010,9,パンクブーブー,宮迫,98
10,2010,9,パンクブーブー,渡辺,95
10,2010,9,パンクブーブー,大竹,91
10,2010,9,パンクブーブー,南原,94
10,2010,9,パンクブーブー,松本,97
10,2010,9,パンクブーブー,紳助,97
11,2015,1,メイプル超合金,哲夫,89
11,2015,1,メイプル超合金,佐藤,89
11,2015,1,メイプル超合金,石田,89
11,2015,1,メイプル超合金,富澤,92
11,2015,1,メイプル超合金,徳井,91
11,2015,1,メイプル超合金,吉田,85
11,2015,1,メイプル超合金,岩尾,89
11,2015,1,メイプル超合金,増田,85
11,2015,1,メイプル超合金,礼二,87
11,2015,2,馬鹿よ貴方は,哲夫,90
11,2015,2,馬鹿よ貴方は,佐藤,90
11,2015,2,馬鹿よ貴方は,石田,83
11,2015,2,馬鹿よ貴方は,富澤,93
11,2015,2,馬鹿よ貴方は,徳井,89
11,2015,2,馬鹿よ貴方は,吉田,83
11,2015,2,馬鹿よ貴方は,岩尾,90
11,2015,2,馬鹿よ貴方は,増田,85
11,2015,2,馬鹿よ貴方は,礼二,88
11,2015,3,スーパーマラドーナ,哲夫,90
11,2015,3,スーパーマラドーナ,佐藤,93
11,2015,3,スーパーマラドーナ,石田,88
11,2015,3,スーパーマラドーナ,富澤,91
11,2015,3,スーパーマラドーナ,徳井,89
11,2015,3,スーパーマラドーナ,吉田,90
11,2015,3,スーパーマラドーナ,岩尾,93
11,2015,3,スーパーマラドーナ,増田,87
11,2015,3,スーパーマラドーナ,礼二,92
11,2015,4,和牛,哲夫,88
11,2015,4,和牛,佐藤,90
11,2015,4,和牛,石田,88
11,2015,4,和牛,富澤,90
11,2015,4,和牛,徳井,90
11,2015,4,和牛,吉田,86
11,2015,4,和牛,岩尾,92
11,2015,4,和牛,増田,92
11,2015,4,和牛,礼二,90
11,2015,5,ジャルジャル,哲夫,93
11,2015,5,ジャルジャル,佐藤,93
11,2015,5,ジャルジャル,石田,94
11,2015,5,ジャルジャル,富澤,94
11,2015,5,ジャルジャル,徳井,96
11,2015,5,ジャルジャル,吉田,90
11,2015,5,ジャルジャル,岩尾,96
11,2015,5,ジャルジャル,増田,89
11,2015,5,ジャルジャル,礼二,89
11,2015,6,銀シャリ,哲夫,92
11,2015,6,銀シャリ,佐藤,89
11,2015,6,銀シャリ,石田,87
11,2015,6,銀シャリ,富澤,92
11,2015,6,銀シャリ,徳井,95
11,2015,6,銀シャリ,吉田,89
11,2015,6,銀シャリ,岩尾,92
11,2015,6,銀シャリ,増田,91
11,2015,6,銀シャリ,礼二,91
11,2015,7,ハライチ,哲夫,87
11,2015,7,ハライチ,佐藤,88
11,2015,7,ハライチ,石田,86
11,2015,7,ハライチ,富澤,89
11,2015,7,ハライチ,徳井,89
11,2015,7,ハライチ,吉田,83
11,2015,7,ハライチ,岩尾,85
11,2015,7,ハライチ,増田,89
11,2015,7,ハライチ,礼二,92
11,2015,8,タイムマシーン3号,哲夫,88
11,2015,8,タイムマシーン3号,佐藤,91
11,2015,8,タイムマシーン3号,石田,94
11,2015,8,タイムマシーン3号,富澤,93
11,2015,8,タイムマシーン3号,徳井,88
11,2015,8,タイムマシーン3号,吉田,89
11,2015,8,タイムマシーン3号,岩尾,90
11,2015,8,タイムマシーン3号,増田,90
11,2015,8,タイムマシーン3号,礼二,93
11,2015,9,トレンディエンジェル,哲夫,91
11,2015,9,トレンディエンジェル,佐藤,92
11,2015,9,トレンディエンジェル,石田,92
11,2015,9,トレンディエンジェル,富澤,93
11,2015,9,トレンディエンジェル,徳井,88
11,2015,9,トレンディエンジェル,吉田,93
11,2015,9,トレンディエンジェル,岩尾,89
11,2015,9,トレンディエンジェル,増田,93
11,2015,9,トレンディエンジェル,礼二,94
12,2016,1,アキナ,巨人,92
12,2016,1,アキナ,礼二,89
12,2016,1,アキナ,大吉,89
12,2016,1,アキナ,松本,87
12,2016,1,アキナ,上沼,89
12,2016,2,カミナリ,巨人,91
12,2016,2,カミナリ,礼二,90
12,2016,2,カミナリ,大吉,90
12,2016,2,カミナリ,松本,89
12,2016,2,カミナリ,上沼,81
12,2016,3,相席スタート,巨人,87
12,2016,3,相席スタート,礼二,88
12,2016,3,相席スタート,大吉,87
12,2016,3,相席スタート,松本,84
12,2016,3,相席スタート,上沼,90
12,2016,4,銀シャリ,巨人,96
12,2016,4,銀シャリ,礼二,91
12,2016,4,銀シャリ,大吉,93
12,2016,4,銀シャリ,松本,95
12,2016,4,銀シャリ,上沼,95
12,2016,5,スリムクラブ,巨人,85
12,2016,5,スリムクラブ,礼二,89
12,2016,5,スリムクラブ,大吉,88
12,2016,5,スリムクラブ,松本,90
12,2016,5,スリムクラブ,上沼,89
12,2016,6,ハライチ,巨人,91
12,2016,6,ハライチ,礼二,88
12,2016,6,ハライチ,大吉,89
12,2016,6,ハライチ,松本,85
12,2016,6,ハライチ,上沼,93
12,2016,7,スーパーマラドーナ,巨人,90
12,2016,7,スーパーマラドーナ,礼二,95
12,2016,7,スーパーマラドーナ,大吉,92
12,2016,7,スーパーマラドーナ,松本,89
12,2016,7,スーパーマラドーナ,上沼,93
12,2016,8,さらば青春の光,巨人,87
12,2016,8,さらば青春の光,礼二,90
12,2016,8,さらば青春の光,大吉,90
12,2016,8,さらば青春の光,松本,90
12,2016,8,さらば青春の光,上沼,91
12,2016,9,和牛,巨人,95
12,2016,9,和牛,礼二,95
12,2016,9,和牛,大吉,91
12,2016,9,和牛,松本,93
12,2016,9,和牛,上沼,95
13,2017,1,ゆにばーす,巨人,89
13,2017,1,ゆにばーす,渡辺,87
13,2017,1,ゆにばーす,礼二,90
13,2017,1,ゆにばーす,小朝,91
13,2017,1,ゆにばーす,大吉,92
13,2017,1,ゆにばーす,松本,87
13,2017,1,ゆにばーす,上沼,90
13,2017,2,カミナリ,巨人,87
13,2017,2,カミナリ,渡辺,86
13,2017,2,カミナリ,礼二,89
13,2017,2,カミナリ,小朝,90
13,2017,2,カミナリ,大吉,91
13,2017,2,カミナリ,松本,85
13,2017,2,カミナリ,上沼,90
13,2017,3,とろサーモン,巨人,88
13,2017,3,とろサーモン,渡辺,93
13,2017,3,とろサーモン,礼二,93
13,2017,3,とろサーモン,小朝,93
13,2017,3,とろサーモン,大吉,93
13,2017,3,とろサーモン,松本,92
13,2017,3,とろサーモン,上沼,93
13,2017,4,かまいたち,巨人,95
13,2017,4,かまいたち,渡辺,89
13,2017,4,かまいたち,礼二,94
13,2017,4,かまいたち,小朝,90
13,2017,4,かまいたち,大吉,92
13,2017,4,かまいたち,松本,91
13,2017,4,かまいたち,上沼,89
13,2017,5,スーパーマラドーナ,巨人,94
13,2017,5,スーパーマラドーナ,渡辺,91
13,2017,5,スーパーマラドーナ,礼二,92
13,2017,5,スーパーマラドーナ,小朝,91
13,2017,5,スーパーマラドーナ,大吉,93
13,2017,5,スーパーマラドーナ,松本,90
13,2017,5,スーパーマラドーナ,上沼,89
13,2017,6,マヂカルラブリー,巨人,86
13,2017,6,マヂカルラブリー,渡辺,89
13,2017,6,マヂカルラブリー,礼二,88
13,2017,6,マヂカルラブリー,小朝,89
13,2017,6,マヂカルラブリー,大吉,88
13,2017,6,マヂカルラブリー,松本,84
13,2017,6,マヂカルラブリー,上沼,83
13,2017,7,さや香,巨人,87
13,2017,7,さや香,渡辺,91
13,2017,7,さや香,礼二,90
13,2017,7,さや香,小朝,90
13,2017,7,さや香,大吉,90
13,2017,7,さや香,松本,90
13,2017,7,さや香,上沼,90
13,2017,8,ミキ,巨人,93
13,2017,8,ミキ,渡辺,94
13,2017,8,ミキ,礼二,91
13,2017,8,ミキ,小朝,92
13,2017,8,ミキ,大吉,91
13,2017,8,ミキ,松本,94
13,2017,8,ミキ,上沼,95
13,2017,9,和牛,巨人,92
13,2017,9,和牛,渡辺,92
13,2017,9,和牛,礼二,93
13,2017,9,和牛,小朝,94
13,2017,9,和牛,大吉,94
13,2017,9,和牛,松本,93
13,2017,9,和牛,上沼,95
13,2017,10,ジャルジャル,巨人,93
13,2017,10,ジャルジャル,渡辺,88
13,2017,10,ジャルジャル,礼二,89
13,2017,10,ジャルジャル,小朝,90
13,2017,10,ジャルジャル,大吉,91
13,2017,10,ジャルジャル,松本,95
13,2017,10,ジャルジャル,上沼,90
14,2018,1,見取り図,巨人,88
14,2018,1,見取り図,礼二,91
14,2018,1,見取り図,塙,85
14,2018,1,見取り図,志らく,85
14,2018,1,見取り図,富澤,86
14,2018,1,見取り図,松本,83
14,2018,1,見取り図,上沼,88
14,2018,2,スーパーマラドーナ,巨人,87
14,2018,2,スーパーマラドーナ,礼二,90
14,2018,2,スーパーマラドーナ,塙,89
14,2018,2,スーパーマラドーナ,志らく,88
14,2018,2,スーパーマラドーナ,富澤,89
14,2018,2,スーパーマラドーナ,松本,85
14,2018,2,スーパーマラドーナ,上沼,89
14,2018,3,かまいたち,巨人,89
14,2018,3,かまいたち,礼二,92
14,2018,3,かまいたち,塙,92
14,2018,3,かまいたち,志らく,88
14,2018,3,かまいたち,富澤,91
14,2018,3,かまいたち,松本,90
14,2018,3,かまいたち,上沼,94
14,2018,4,ジャルジャル,巨人,93
14,2018,4,ジャルジャル,礼二,93
14,2018,4,ジャルジャル,塙,93
14,2018,4,ジャルジャル,志らく,99
14,2018,4,ジャルジャル,富澤,90
14,2018,4,ジャルジャル,松本,92
14,2018,4,ジャルジャル,上沼,88
14,2018,5,ギャロップ,巨人,87
14,2018,5,ギャロップ,礼二,90
14,2018,5,ギャロップ,塙,89
14,2018,5,ギャロップ,志らく,86
14,2018,5,ギャロップ,富澤,87
14,2018,5,ギャロップ,松本,86
14,2018,5,ギャロップ,上沼,89
14,2018,6,ゆにばーす,巨人,84
14,2018,6,ゆにばーす,礼二,91
14,2018,6,ゆにばーす,塙,82
14,2018,6,ゆにばーす,志らく,87
14,2018,6,ゆにばーす,富澤,86
14,2018,6,ゆにばーす,松本,80
14,2018,6,ゆにばーす,上沼,84
14,2018,7,ミキ,巨人,90
14,2018,7,ミキ,礼二,93
14,2018,7,ミキ,塙,90
14,2018,7,ミキ,志らく,89
14,2018,7,ミキ,富澤,90
14,2018,7,ミキ,松本,88
14,2018,7,ミキ,上沼,98
14,2018,8,トム・ブラウン,巨人,87
14,2018,8,トム・ブラウン,礼二,90
14,2018,8,トム・ブラウン,塙,93
14,2018,8,トム・ブラウン,志らく,97
14,2018,8,トム・ブラウン,富澤,89
14,2018,8,トム・ブラウン,松本,91
14,2018,8,トム・ブラウン,上沼,86
14,2018,9,霜降り明星,巨人,93
14,2018,9,霜降り明星,礼二,96
14,2018,9,霜降り明星,塙,98
14,2018,9,霜降り明星,志らく,93
14,2018,9,霜降り明星,富澤,91
14,2018,9,霜降り明星,松本,94
14,2018,9,霜降り明星,上沼,97
14,2018,10,和牛,巨人,92
14,2018,10,和牛,礼二,94
14,2018,10,和牛,塙,94
14,2018,10,和牛,志らく,93
14,2018,10,和牛,富澤,92
14,2018,10,和牛,松本,93
14,2018,10,和牛,上沼,98
15,2019,1,ニューヨーク,巨人,87
15,2019,1,ニューヨーク,塙,91
15,2019,1,ニューヨーク,志らく,90
15,2019,1,ニューヨーク,富澤,88
15,2019,1,ニューヨーク,礼二,88
15,2019,1,ニューヨーク,松本,82
15,2019,1,ニューヨーク,上沼,90
15,2019,2,かまいたち,巨人,93
15,2019,2,かまいたち,塙,95
15,2019,2,かまいたち,志らく,95
15,2019,2,かまいたち,富澤,93
15,2019,2,かまいたち,礼二,94
15,2019,2,かまいたち,松本,95
15,2019,2,かまいたち,上沼,95
15,2019,3,和牛,巨人,92
15,2019,3,和牛,塙,96
15,2019,3,和牛,志らく,96
15,2019,3,和牛,富澤,91
15,2019,3,和牛,礼二,93
15,2019,3,和牛,松本,92
15,2019,3,和牛,上沼,92
15,2019,4,すゑひろがりず,巨人,92
15,2019,4,すゑひろがりず,塙,91
15,2019,4,すゑひろがりず,志らく,92
15,2019,4,すゑひろがりず,富澤,90
15,2019,4,すゑひろがりず,礼二,91
15,2019,4,すゑひろがりず,松本,89
15,2019,4,すゑひろがりず,上沼,92
15,2019,5,からし蓮根,巨人,93
15,2019,5,からし蓮根,塙,90
15,2019,5,からし蓮根,志らく,89
15,2019,5,からし蓮根,富澤,90
15,2019,5,からし蓮根,礼二,93
15,2019,5,からし蓮根,松本,90
15,2019,5,からし蓮根,上沼,94
15,2019,6,見取り図,巨人,94
15,2019,6,見取り図,塙,92
15,2019,6,見取り図,志らく,94
15,2019,6,見取り図,富澤,91
15,2019,6,見取り図,礼二,93
15,2019,6,見取り図,松本,91
15,2019,6,見取り図,上沼,94
15,2019,7,ミルクボーイ,巨人,97
15,2019,7,ミルクボーイ,塙,99
15,2019,7,ミルクボーイ,志らく,97
15,2019,7,ミルクボーイ,富澤,97
15,2019,7,ミルクボーイ,礼二,96
15,2019,7,ミルクボーイ,松本,97
15,2019,7,ミルクボーイ,上沼,98
15,2019,8,オズワルド,巨人,91
15,2019,8,オズワルド,塙,89
15,2019,8,オズワルド,志らく,89
15,2019,8,オズワルド,富澤,91
15,2019,8,オズワルド,礼二,94
15,2019,8,オズワルド,松本,90
15,2019,8,オズワルド,上沼,94
15,2019,9,インディアンス,巨人,92
15,2019,9,インディアンス,塙,89
15,2019,9,インディアンス,志らく,87
15,2019,9,インディアンス,富澤,90
15,2019,9,インディアンス,礼二,92
15,2019,9,インディアンス,松本,88
15,2019,9,インディアンス,上沼,94
15,2019,10,ぺこぱ,巨人,93
15,2019,10,ぺこぱ,塙,94
15,2019,10,ぺこぱ,志らく,91
15,2019,10,ぺこぱ,富澤,94
15,2019,10,ぺこぱ,礼二,92
15,2019,10,ぺこぱ,松本,94
15,2019,10,ぺこぱ,上沼,96
16,2020,1,インディアンス,巨人,89
16,2020,1,インディアンス,富澤,89
16,2020,1,インディアンス,塙,85
16,2020,1,インディアンス,志らく,89
16,2020,1,インディアンス,礼二,90
16,2020,1,インディアンス,松本,90
16,2020,1,インディアンス,上沼,93
16,2020,2,東京ホテイソン,巨人,86
16,2020,2,東京ホテイソン,富澤,91
16,2020,2,東京ホテイソン,塙,85
16,2020,2,東京ホテイソン,志らく,89
16,2020,2,東京ホテイソン,礼二,88
16,2020,2,東京ホテイソン,松本,86
16,2020,2,東京ホテイソン,上沼,92
16,2020,3,ニューヨーク,巨人,88
16,2020,3,ニューヨーク,富澤,93
16,2020,3,ニューヨーク,塙,93
16,2020,3,ニューヨーク,志らく,91
16,2020,3,ニューヨーク,礼二,91
16,2020,3,ニューヨーク,松本,92
16,2020,3,ニューヨーク,上沼,94
16,2020,4,見取り図,巨人,91
16,2020,4,見取り図,富澤,92
16,2020,4,見取り図,塙,93
16,2020,4,見取り図,志らく,93
16,2020,4,見取り図,礼二,93
16,2020,4,見取り図,松本,91
16,2020,4,見取り図,上沼,95
16,2020,5,おいでやすこが,巨人,92
16,2020,5,おいでやすこが,富澤,93
16,2020,5,おいでやすこが,塙,93
16,2020,5,おいでやすこが,志らく,96
16,2020,5,おいでやすこが,礼二,95
16,2020,5,おいでやすこが,松本,95
16,2020,5,おいでやすこが,上沼,94
16,2020,6,マヂカルラブリー,巨人,88
16,2020,6,マヂカルラブリー,富澤,94
16,2020,6,マヂカルラブリー,塙,94
16,2020,6,マヂカルラブリー,志らく,90
16,2020,6,マヂカルラブリー,礼二,96
16,2020,6,マヂカルラブリー,松本,93
16,2020,6,マヂカルラブリー,上沼,94
16,2020,7,オズワルド,巨人,88
16,2020,7,オズワルド,富澤,91
16,2020,7,オズワルド,塙,95
16,2020,7,オズワルド,志らく,93
16,2020,7,オズワルド,礼二,95
16,2020,7,オズワルド,松本,88
16,2020,7,オズワルド,上沼,92
16,2020,8,アキナ,巨人,89
16,2020,8,アキナ,富澤,88
16,2020,8,アキナ,塙,87
16,2020,8,アキナ,志らく,90
16,2020,8,アキナ,礼二,91
16,2020,8,アキナ,松本,85
16,2020,8,アキナ,上沼,92
16,2020,9,錦鯉,巨人,87
16,2020,9,錦鯉,富澤,92
16,2020,9,錦鯉,塙,95
16,2020,9,錦鯉,志らく,95
16,2020,9,錦鯉,礼二,92
16,2020,9,錦鯉,松本,89
16,2020,9,錦鯉,上沼,93
16,2020,10,ウエストランド,巨人,88
16,2020,10,ウエストランド,富澤,91
16,2020,10,ウエストランド,塙,85
16,2020,10,ウエストランド,志らく,86
16,2020,10,ウエストランド,礼二,90
16,2020,10,ウエストランド,松本,90
16,2020,10,ウエストランド,上沼,92
17,2021,1,モグライダー,巨人,91
17,2021,1,モグライダー,富澤,93
17,2021,1,モグライダー,塙,92
17,2021,1,モグライダー,志らく,89
17,2021,1,モグライダー,礼二,90
17,2021,1,モグライダー,松本,89
17,2021,1,モグライダー,上沼,93
17,2021,2,ランジャタイ,巨人,87
17,2021,2,ランジャタイ,富澤,91
17,2021,2,ランジャタイ,塙,90
17,2021,2,ランジャタイ,志らく,96
17,2021,2,ランジャタイ,礼二,89
17,2021,2,ランジャタイ,松本,87
17,2021,2,ランジャタイ,上沼,88
17,2021,3,ゆにばーす,巨人,89
17,2021,3,ゆにばーす,富澤,92
17,2021,3,ゆにばーす,塙,91
17,2021,3,ゆにばーす,志らく,91
17,2021,3,ゆにばーす,礼二,93
17,2021,3,ゆにばーす,松本,88
17,2021,3,ゆにばーす,上沼,94
17,2021,4,ハライチ,巨人,88
17,2021,4,ハライチ,富澤,90
17,2021,4,ハライチ,塙,89
17,2021,4,ハライチ,志らく,90
17,2021,4,ハライチ,礼二,89
17,2021,4,ハライチ,松本,92
17,2021,4,ハライチ,上沼,98
17,2021,5,真空ジェシカ,巨人,90
17,2021,5,真空ジェシカ,富澤,89
17,2021,5,真空ジェシカ,塙,92
17,2021,5,真空ジェシカ,志らく,94
17,2021,5,真空ジェシカ,礼二,94
17,2021,5,真空ジェシカ,松本,90
17,2021,5,真空ジェシカ,上沼,89
17,2021,6,錦鯉,巨人,92
17,2021,6,錦鯉,富澤,94
17,2021,6,錦鯉,塙,94
17,2021,6,錦鯉,志らく,90
17,2021,6,錦鯉,礼二,96
17,2021,6,錦鯉,松本,94
17,2021,6,錦鯉,上沼,95
17,2021,7,ロングコートダディ,巨人,89
17,2021,7,ロングコートダディ,富澤,90
17,2021,7,ロングコートダディ,塙,93
17,2021,7,ロングコートダディ,志らく,95
17,2021,7,ロングコートダディ,礼二,95
17,2021,7,ロングコートダディ,松本,91
17,2021,7,ロングコートダディ,上沼,96
17,2021,8,オズワルド,巨人,94
17,2021,8,オズワルド,富澤,95
17,2021,8,オズワルド,塙,95
17,2021,8,オズワルド,志らく,96
17,2021,8,オズワルド,礼二,96
17,2021,8,オズワルド,松本,96
17,2021,8,オズワルド,上沼,93
17,2021,9,インディアンス,巨人,92
17,2021,9,インディアンス,富澤,91
17,2021,9,インディアンス,塙,93
17,2021,9,インディアンス,志らく,94
17,2021,9,インディアンス,礼二,94
17,2021,9,インディアンス,松本,93
17,2021,9,インディアンス,上沼,98
17,2021,10,もも,巨人,91
17,2021,10,もも,富澤,90
17,2021,10,もも,塙,91
17,2021,10,もも,志らく,96
17,2021,10,もも,礼二,95
17,2021,10,もも,松本,92
17,2021,10,もも,上沼,90
18,2022,1,カベポスター,邦子,84
18,2022,1,カベポスター,大吉,94
18,2022,1,カベポスター,塙,92
18,2022,1,カベポスター,富澤,93
18,2022,1,カベポスター,志らく,89
18,2022,1,カベポスター,礼二,92
18,2022,1,カベポスター,松本,90
18,2022,2,真空ジェシカ,邦子,95
18,2022,2,真空ジェシカ,大吉,92
18,2022,2,真空ジェシカ,塙,92
18,2022,2,真空ジェシカ,富澤,92
18,2022,2,真空ジェシカ,志らく,94
18,2022,2,真空ジェシカ,礼二,94
18,2022,2,真空ジェシカ,松本,88
18,2022,3,オズワルド,邦子,87
18,2022,3,オズワルド,大吉,93
18,2022,3,オズワルド,塙,90
18,2022,3,オズワルド,富澤,90
18,2022,3,オズワルド,志らく,95
18,2022,3,オズワルド,礼二,92
18,2022,3,オズワルド,松本,92
18,2022,4,ロングコートダディ,邦子,94
18,2022,4,ロングコートダディ,大吉,92
18,2022,4,ロングコートダディ,塙,94
18,2022,4,ロングコートダディ,富澤,96
18,2022,4,ロングコートダディ,志らく,96
18,2022,4,ロングコートダディ,礼二,95
18,2022,4,ロングコートダディ,松本,93
18,2022,5,さや香,邦子,92
18,2022,5,さや香,大吉,96
18,2022,5,さや香,塙,95
18,2022,5,さや香,富澤,97
18,2022,5,さや香,志らく,95
18,2022,5,さや香,礼二,97
18,2022,5,さや香,松本,95
18,2022,6,男性ブランコ,邦子,86
18,2022,6,男性ブランコ,大吉,91
18,2022,6,男性ブランコ,塙,92
18,2022,6,男性ブランコ,富澤,95
18,2022,6,男性ブランコ,志らく,94
18,2022,6,男性ブランコ,礼二,96
18,2022,6,男性ブランコ,松本,96
18,2022,7,ダイヤモンド,邦子,86
18,2022,7,ダイヤモンド,大吉,90
18,2022,7,ダイヤモンド,塙,88
18,2022,7,ダイヤモンド,富澤,88
18,2022,7,ダイヤモンド,志らく,88
18,2022,7,ダイヤモンド,礼二,89
18,2022,7,ダイヤモンド,松本,87
18,2022,8,ヨネダ2000,邦子,91
18,2022,8,ヨネダ2000,大吉,91
18,2022,8,ヨネダ2000,塙,96
18,2022,8,ヨネダ2000,富澤,91
18,2022,8,ヨネダ2000,志らく,97
18,2022,8,ヨネダ2000,礼二,90
18,2022,8,ヨネダ2000,松本,91
18,2022,9,キュウ,邦子,87
18,2022,9,キュウ,大吉,90
18,2022,9,キュウ,塙,88
18,2022,9,キュウ,富澤,90
18,2022,9,キュウ,志らく,89
18,2022,9,キュウ,礼二,90
18,2022,9,キュウ,松本,86
18,2022,10,ウエストランド,邦子,91
18,2022,10,ウエストランド,大吉,93
18,2022,10,ウエストランド,塙,93
18,2022,10,ウエストランド,富澤,94
18,2022,10,ウエストランド,志らく,98
18,2022,10,ウエストランド,礼二,96
18,2022,10,ウエストランド,松本,94
